<annotation><filename>001124.jpg</filename><size><width>500</width><height>332</height><depth>3</depth></size><object><name>person</name><bndbox><xmin>211</xmin><ymin>76</ymin><xmax>318</xmax><ymax>237</ymax></bndbox></object><object><name>person</name><bndbox><xmin>299</xmin><ymin>53</ymin><xmax>500</xmax><ymax>273</ymax></bndbox></object><object><name>person</name><bndbox><xmin>399</xmin><ymin>76</ymin><xmax>430</xmax><ymax>104</ymax></bndbox></object><object><name>person</name><bndbox><xmin>87</xmin><ymin>92</ymin><xmax>157</xmax><ymax>235</ymax></bndbox></object><object><name>person</name><bndbox><xmin>1</xmin><ymin>13</ymin><xmax>105</xmax><ymax>331</ymax></bndbox></object><object><name>person</name><bndbox><xmin>0</xmin><ymin>287</ymin><xmax>22</xmax><ymax>326</ymax></bndbox></object><object><name>person</name><bndbox><xmin>471</xmin><ymin>0</ymin><xmax>500</xmax><ymax>169</ymax></bndbox></object><object><name>person</name><bndbox><xmin>36</xmin><ymin>73</ymin><xmax>135</xmax><ymax>257</ymax></bndbox></object><object><name>person</name><bndbox><xmin>300</xmin><ymin>88</ymin><xmax>383</xmax><ymax>239</ymax></bndbox></object><object><name>person</name><bndbox><xmin>433</xmin><ymin>0</ymin><xmax>500</xmax><ymax>331</ymax></bndbox></object><object><name>person</name><bndbox><xmin>99</xmin><ymin>81</ymin><xmax>217</xmax><ymax>235</ymax></bndbox></object></annotation>